Name, Age, Hobby, Country
Cecelia Maldonado,41,Hobby,BN
Kevin Davis,65,Hobby,MV
Jim Newton,52,Hobby,BR
Frank Hogan,46,Hobby,WF
Paul Crawford,53,Hobby,ET
Theresa Marsh,60,Hobby,DJ
Janie Cross,42,Hobby,TN
Marvin Delgado,63,Hobby,SI
Pearl Bass,18,Hobby,SO
Lula Wood,53,Hobby,DO
Isaiah Curry,30,Hobby,MG
Donald Sandoval,55,Hobby,LR
Evelyn Lawson,48,Hobby,MF
Duane Gordon,26,Hobby,MF
Lucille Morrison,55,Hobby,CX
Jerome King,18,Hobby,ZW
Mark Clark,25,Hobby,SO
Edward Munoz,60,Hobby,JP
Nettie Martinez,62,Hobby,NE
Dominic Phillips,42,Hobby,VA
Howard Perry,18,Hobby,KY
Eliza Anderson,64,Hobby,KI
Estella Zimmerman,49,Hobby,IR
Dale Love,28,Hobby,KW
Noah Jacobs,18,Hobby,UA
Mable Austin,54,Hobby,MY
Nicholas Walsh,48,Hobby,BR
Phillip Briggs,58,Hobby,NO
Brandon Moss,23,Hobby,FI
Mason Hines,29,Hobby,IS
Nellie Jacobs,23,Hobby,GP
Evelyn Owen,47,Hobby,GY
Calvin Lawson,20,Hobby,CO
Effie Underwood,25,Hobby,VG
Chase Sims,31,Hobby,MS
Andre Park,32,Hobby,BD
Jane Cook,36,Hobby,GR
Nancy Hale,19,Hobby,TO
Olga Gilbert,64,Hobby,TN
Anthony Wade,25,Hobby,TV
Bernice Bush,44,Hobby,AU
Joshua Ramirez,49,Hobby,BR
Antonio Cortez,28,Hobby,IT
Eliza Kennedy,22,Hobby,SM
Dora Andrews,20,Hobby,GU
Dominic Bowman,23,Hobby,SH
Patrick Nguyen,34,Hobby,TV
Estella Walton,56,Hobby,AS
Johanna Jacobs,27,Hobby,LS
Lawrence Dean,57,Hobby,DG
Marguerite Garza,25,Hobby,YE
Lelia Walsh,47,Hobby,VI
Raymond Mendez,20,Hobby,SG
Dollie Pena,26,Hobby,BD
Lily Wade,54,Hobby,YT
Mike Larson,44,Hobby,VU
Rachel Arnold,46,Hobby,GB
Jane Meyer,65,Hobby,UG
Ethan Castro,46,Hobby,TT
Teresa Phelps,27,Hobby,PR
Dylan Stevens,63,Hobby,SV
Olivia Lynch,51,Hobby,CU
Mabelle Dennis,61,Hobby,PY
Walter Freeman,62,Hobby,TK
Samuel Hopkins,26,Hobby,YT
Cornelia Bush,45,Hobby,AX
Linnie Patterson,56,Hobby,LA
Philip Waters,65,Hobby,MA
Carlos Sherman,53,Hobby,IC
Caleb French,40,Hobby,ML
Glenn Yates,63,Hobby,MW
Patrick Terry,64,Hobby,DJ
Elijah Ramirez,40,Hobby,MX
Pauline Franklin,46,Hobby,SH
Polly Munoz,35,Hobby,DG
Josephine Greer,50,Hobby,KZ
Daisy Peters,27,Hobby,HT
Erik Guerrero,50,Hobby,BY
Benjamin Russell,35,Hobby,CW
Estelle Robinson,63,Hobby,JM
Genevieve Miles,19,Hobby,BY
Max Goodman,22,Hobby,SS
Mattie Rice,18,Hobby,GD
Marian Stewart,23,Hobby,GE
Jerry Silva,47,Hobby,MG
Joel Cannon,63,Hobby,VU
Emily Banks,65,Hobby,BN
Isaiah Washington,22,Hobby,JE
Pearl Sharp,41,Hobby,CK
Carolyn Hill,41,Hobby,IR
Fannie Guerrero,18,Hobby,PT
Sophia Fowler,34,Hobby,SS
Katharine Mann,42,Hobby,MA
Lela Bailey,29,Hobby,DJ
Daniel Carter,26,Hobby,KI
Phillip Torres,34,Hobby,RU
Lula Jennings,56,Hobby,AO
Amanda Parker,54,Hobby,GD
Rhoda Estrada,55,Hobby,GG
Angel Ballard,22,Hobby,RW
